Entity,Code,Year,Biofuels Production - PJ - Total
Africa,,1990,0.26084595959596
Africa,,1991,0.26084595959596
Africa,,1992,0.261560606060606
Africa,,1993,0.26084595959596
Africa,,1994,0.26084595959596
Africa,,1995,0.26084595959596
Africa,,1996,0.261560606060606
Africa,,1997,0.3912689393939389
Africa,,1998,0.3912689393939389
Africa,,1999,0.26084595959596
Africa,,2000,0.261560606060606
Africa,,2001,0.26084595959596
Africa,,2002,1.28361152046471
Africa,,2003,1.8047996163508897
Africa,,2004,2.07661050532141
Africa,,2005,2.2669291590201297
Africa,,2006,2.40684422549608
Africa,,2007,2.530482380259
Africa,,2008,2.01703073361703
Africa,,2009,11.9682173503302
Africa,,2010,12.515008979774999
Africa,,2011,13.607732020065301
Africa,,2012,9.70448003361409
Africa,,2013,9.917397476444311
Africa,,2014,11.054958500985801
Africa,,2015,14.963371580848401
Africa,,2016,16.322805857995903
Africa,,2017,17.0094479918106
Africa,,2018,19.5631746949175
Africa,,2019,20.850503356174702
Argentina,ARG,1990,0
Argentina,ARG,1991,0
Argentina,ARG,1992,0
Argentina,ARG,1993,0
Argentina,ARG,1994,0
Argentina,ARG,1995,0
Argentina,ARG,1996,0
Argentina,ARG,1997,0
Argentina,ARG,1998,0
Argentina,ARG,1999,0
Argentina,ARG,2000,0.191541725601132
Argentina,ARG,2001,0.382036775106082
Argentina,ARG,2002,0.382036775106082
Argentina,ARG,2003,0.382036775106082
Argentina,ARG,2004,0.38308345120226295
Argentina,ARG,2005,0.382036775106082
Argentina,ARG,2006,1.27653330511623
Argentina,ARG,2007,7.24902753239394
Argentina,ARG,2008,25.6181092657406
Argentina,ARG,2009,43.07431498078179
Argentina,ARG,2010,71.6181992218944
Argentina,ARG,2011,93.04133578421178
Argentina,ARG,2012,95.4091345096051
Argentina,ARG,2013,85.8192663865104
Argentina,ARG,2014,110.103926041544
Argentina,ARG,2015,84.46264034530469
Argentina,ARG,2016,117.965823528226
Argentina,ARG,2017,130.434732764101
Argentina,ARG,2018,114.132343236337
Argentina,ARG,2019,102.78010371026
Asia Pacific,,1990,0
Asia Pacific,,1991,0
Asia Pacific,,1992,0
Asia Pacific,,1993,0
Asia Pacific,,1994,0
Asia Pacific,,1995,0
Asia Pacific,,1996,0
Asia Pacific,,1997,0
Asia Pacific,,1998,0
Asia Pacific,,1999,0
Asia Pacific,,2000,3.79262878787879
Asia Pacific,,2001,4.1037077814924405
Asia Pacific,,2002,10.923906408498
Asia Pacific,,2003,24.741272387374302
Asia Pacific,,2004,24.9929905651817
Asia Pacific,,2005,39.370159198269796
Asia Pacific,,2006,63.8251408380915
Asia Pacific,,2007,87.3426449511415
Asia Pacific,,2008,139.284618863339
Asia Pacific,,2009,144.502927037703
Asia Pacific,,2010,155.18284260235902
Asia Pacific,,2011,248.08985127005002
Asia Pacific,,2012,298.425611716503
Asia Pacific,,2013,356.77844365886
Asia Pacific,,2014,430.46208815662595
Asia Pacific,,2015,360.663390823442
Asia Pacific,,2016,410.77558439688204
Asia Pacific,,2017,425.721614123775
Asia Pacific,,2018,542.016321742193
Asia Pacific,,2019,655.8770121527481
Australia,AUS,1990,0
Australia,AUS,1991,0
Australia,AUS,1992,0
Australia,AUS,1993,0
Australia,AUS,1994,0
Australia,AUS,1995,0
Australia,AUS,1996,0
Australia,AUS,1997,0
Australia,AUS,1998,0
Australia,AUS,1999,0
Australia,AUS,2000,0
Australia,AUS,2001,0
Australia,AUS,2002,0
Australia,AUS,2003,1.9259279999999999
Australia,AUS,2004,1.1545057256011297
Australia,AUS,2005,1.13566077510608
Australia,AUS,2006,2.14571755021216
Australia,AUS,2007,4.18415271287129
Australia,AUS,2008,6.7480355304101804
Australia,AUS,2009,9.70616268591347
Australia,AUS,2010,7.57089468591347
Australia,AUS,2011,9.15899154979074
Australia,AUS,2012,9.6977908964016
Australia,AUS,2013,10.242074896401599
Australia,AUS,2014,10.7571979163179
Australia,AUS,2015,9.51270646080884
Australia,AUS,2016,8.06464927754526
Australia,AUS,2017,5.33600691101811
Australia,AUS,2018,6.2989709110181105
Australia,AUS,2019,6.698002101962639
Austria,AUT,1990,0.2637684
Austria,AUT,1991,0.2888892
Austria,AUT,1992,0.3223836
Austria,AUT,1993,0.36425159999999995
Austria,AUT,1994,0.2428344
Austria,AUT,1995,0.46892159999999994
Austria,AUT,1996,0.5107896
Austria,AUT,1997,0.5526576
Austria,AUT,1998,0.5945256
Austria,AUT,1999,0.6531408000000001
Austria,AUT,2000,0.7661669024045259
Austria,AUT,2001,0.764073550212164
Austria,AUT,2002,0.955091937765205
Austria,AUT,2003,1.14611032531825
Austria,AUT,2004,2.10695898161245
Austria,AUT,2005,3.0562942008486598
Austria,AUT,2006,4.584441301272981
Austria,AUT,2007,9.29112432585408
Austria,AUT,2008,11.250271000067501
Austria,AUT,2009,15.6126259111625
Austria,AUT,2010,16.361598
Austria,AUT,2011,16.3093
Austria,AUT,2012,16.3093
Austria,AUT,2013,15.6738
Austria,AUT,2014,13.7868
Austria,AUT,2015,15.9546
Austria,AUT,2016,17.5608
Austria,AUT,2017,16.3681
Austria,AUT,2018,16.16291
Austria,AUT,2019,15.8902
Belgium,BEL,1990,0
Belgium,BEL,1991,0
Belgium,BEL,1992,0
Belgium,BEL,1993,0
Belgium,BEL,1994,0
Belgium,BEL,1995,0
Belgium,BEL,1996,0
Belgium,BEL,1997,0
Belgium,BEL,1998,0
Belgium,BEL,1999,0
Belgium,BEL,2000,0
Belgium,BEL,2001,0
Belgium,BEL,2002,0
Belgium,BEL,2003,0
Belgium,BEL,2004,0
Belgium,BEL,2005,0
Belgium,BEL,2006,0
Belgium,BEL,2007,0
Belgium,BEL,2008,0
Belgium,BEL,2009,5.638698504
Belgium,BEL,2010,15.298190388
Belgium,BEL,2011,17.664611616
Belgium,BEL,2012,18.72923112
Belgium,BEL,2013,18.390058452
Belgium,BEL,2014,24.07744944
Belgium,BEL,2015,16.16858424
Belgium,BEL,2016,15.572342052
Belgium,BEL,2017,18.654036192
Belgium,BEL,2018,17.767816235999998
Belgium,BEL,2019,19.1789169177145
Brazil,BRA,1990,258.866532345821
Brazil,BRA,1991,289.072871942346
Brazil,BRA,1992,264.440321199942
Brazil,BRA,1993,256.10211287381696
Brazil,BRA,1994,281.229112627475
Brazil,BRA,1995,286.443302200685
Brazil,BRA,1996,317.661014774772
Brazil,BRA,1997,348.22695365220903
Brazil,BRA,1998,317.368840359032
Brazil,BRA,1999,291.747391594122
Brazil,BRA,2000,240.482019109245
Brazil,BRA,2001,257.69783468286
Brazil,BRA,2002,282.892259301688
Brazil,BRA,2003,325.219342160421
Brazil,BRA,2004,329.213141674039
Brazil,BRA,2005,360.51996633533895
Brazil,BRA,2006,401.52232702513703
Brazil,BRA,2007,520.274622884143
Brazil,BRA,2008,648.386555625876
Brazil,BRA,2009,639.598078844578
Brazil,BRA,2010,706.5009528705709
Brazil,BRA,2011,603.005324085756
Brazil,BRA,2012,617.088349640473
Brazil,BRA,2013,716.513947849641
Brazil,BRA,2014,753.681415791424
Brazil,BRA,2015,809.4514430428729
Brazil,BRA,2016,760.6390993708741
Brazil,BRA,2017,763.6716549786399
Brazil,BRA,2018,922.229362328925
Brazil,BRA,2019,992.168641827094
CIS,,1990,0
CIS,,1991,0
CIS,,1992,0
CIS,,1993,0
CIS,,1994,0
CIS,,1995,0
CIS,,1996,0
CIS,,1997,0
CIS,,1998,0
CIS,,1999,0
CIS,,2000,0
CIS,,2001,0
CIS,,2002,0
CIS,,2003,0
CIS,,2004,0
CIS,,2005,0
CIS,,2006,0
CIS,,2007,0.0652114898989899
CIS,,2008,0.29600000000000004
CIS,,2009,0.851
CIS,,2010,1.406
CIS,,2011,1.147
CIS,,2012,1.2209999999999999
CIS,,2013,0.964696994606833
CIS,,2014,1.03937124325854
CIS,,2015,0.9435371171349641
CIS,,2016,0.911966991011388
CIS,,2017,0.9121917405619571
CIS,,2018,0.925815740561957
CIS,,2019,0.925815740561957
Canada,CAN,1990,0
Canada,CAN,1991,0
Canada,CAN,1992,0
Canada,CAN,1993,0
Canada,CAN,1994,0
Canada,CAN,1995,0
Canada,CAN,1996,0
Canada,CAN,1997,0
Canada,CAN,1998,0
Canada,CAN,1999,2.21719065656566
Canada,CAN,2000,4.8388712121212105
Canada,CAN,2001,5.08649621212121
Canada,CAN,2002,5.216919191919191
Canada,CAN,2003,5.216919191919191
Canada,CAN,2004,5.41621212121212
Canada,CAN,2005,6.293611111111111
Canada,CAN,2006,7.218611111111111
Canada,CAN,2007,21.0323712121212
Canada,CAN,2008,22.725045454545498
Canada,CAN,2009,31.862493461629
Canada,CAN,2010,36.2133100572765
Canada,CAN,2011,42.129423596795895
Canada,CAN,2012,43.9372621989654
Canada,CAN,2013,42.4239779512937
Canada,CAN,2014,46.855519848021004
Canada,CAN,2015,48.7624333399986
Canada,CAN,2016,52.361721890240496
Canada,CAN,2017,56.9134054902161
Canada,CAN,2018,55.86920371836471
Canada,CAN,2019,63.9194466069425
China,CHN,1990,0
China,CHN,1991,0
China,CHN,1992,0
China,CHN,1993,0
China,CHN,1994,0
China,CHN,1995,0
China,CHN,1996,0
China,CHN,1997,0
China,CHN,1998,0
China,CHN,1999,0
China,CHN,2000,0
China,CHN,2001,0.191018387553041
China,CHN,2002,6.7121673774520305
China,CHN,2003,18.450235559270197
China,CHN,2004,22.666496782539898
China,CHN,2005,31.5543873695995
China,CHN,2006,45.99411519377111
China,CHN,2007,50.6113381033153
China,CHN,2008,62.616698779295504
China,CHN,2009,68.42685797936211
China,CHN,2010,66.5235448976228
China,CHN,2011,82.7276090563248
China,CHN,2012,88.3564114009272
China,CHN,2013,98.22253823357251
China,CHN,2014,109.21478633679199
China,CHN,2015,93.3305227450975
China,CHN,2016,89.4801591537741
China,CHN,2017,108.499754292695
China,CHN,2018,104.424865170816
China,CHN,2019,111.312926968732
Colombia,COL,1990,0
Colombia,COL,1991,0
Colombia,COL,1992,0
Colombia,COL,1993,0
Colombia,COL,1994,0
Colombia,COL,1995,0
Colombia,COL,1996,0
Colombia,COL,1997,0
Colombia,COL,1998,0
Colombia,COL,1999,0
Colombia,COL,2000,0
Colombia,COL,2001,0
Colombia,COL,2002,0
Colombia,COL,2003,0
Colombia,COL,2004,0
Colombia,COL,2005,0.6521148989898989
Colombia,COL,2006,4.902330329148509
Colombia,COL,2007,5.31067810384112
Colombia,COL,2008,5.58101161633431
Colombia,COL,2009,12.2360280521781
Colombia,COL,2010,18.1791252435995
Colombia,COL,2011,23.0747837463271
Colombia,COL,2012,25.325704320774303
Colombia,COL,2013,26.200256959271197
Colombia,COL,2014,27.213844930742898
Colombia,COL,2015,27.7732025808852
Colombia,COL,2016,27.0195318180731
Colombia,COL,2017,24.7777018033735
Colombia,COL,2018,30.815193947533498
Colombia,COL,2019,29.384173691813398
Europe,,1990,0.2637684
Europe,,1991,0.2888892
Europe,,1992,0.7286991999999999
Europe,,1993,1.810032644
Europe,,1994,5.042762552
Europe,,1995,8.908506064
Europe,,1996,12.924781575999999
Europe,,1997,16.5265646286074
Europe,,1998,15.7418157146984
Europe,,1999,18.018416648448
Europe,,2000,29.2704373113378
Europe,,2001,36.1383948143368
Europe,,2002,48.4267542761696
Europe,,2003,61.2241886106013
Europe,,2004,91.65758788778228
Europe,,2005,125.463479933451
Europe,,2006,184.77236278201
Europe,,2007,252.27688284846198
Europe,,2008,326.30840884243497
Europe,,2009,401.272372165694
Europe,,2010,457.327620183622
Europe,,2011,449.754572755352
Europe,,2012,487.503596411844
Europe,,2013,529.0444044832401
Europe,,2014,585.271575337983
Europe,,2015,591.254610255011
Europe,,2016,576.662144979531
Europe,,2017,645.948537799999
Europe,,2018,679.7851645014409
Europe,,2019,661.804602563063
Europe (other),,1990,0
Europe (other),,1991,0
Europe (other),,1992,0.1258
Europe (other),,1993,0.2072
Europe (other),,1994,0.3404
Europe (other),,1995,0.4366
Europe (other),,1996,0.7252
Europe (other),,1997,1.08212931660736
Europe (other),,1998,0.635673842698353
Europe (other),,1999,1.18475922844803
Europe (other),,2000,2.5464734753152003
Europe (other),,2001,5.126561387275951
Europe (other),,2002,5.530838744617371
Europe (other),,2003,6.03772422719691
Europe (other),,2004,6.65492308228814
Europe (other),,2005,10.2268223011011
Europe (other),,2006,14.8221916082649
Europe (other),,2007,19.189963568455997
Europe (other),,2008,37.2317752477005
Europe (other),,2009,44.1944997705429
Europe (other),,2010,44.4868254032765
Europe (other),,2011,48.819559265843
Europe (other),,2012,58.174474094790796
Europe (other),,2013,61.9429355192401
Europe (other),,2014,62.7244603675092
Europe (other),,2015,70.6300890002663
Europe (other),,2016,74.6673703842641
Europe (other),,2017,78.69855782955591
Europe (other),,2018,86.9990530043605
Europe (other),,2019,89.18072920741551
Finland,FIN,1990,0
Finland,FIN,1991,0
Finland,FIN,1992,0
Finland,FIN,1993,0
Finland,FIN,1994,0
Finland,FIN,1995,0
Finland,FIN,1996,0
Finland,FIN,1997,0
Finland,FIN,1998,0
Finland,FIN,1999,0
Finland,FIN,2000,0
Finland,FIN,2001,0
Finland,FIN,2002,0
Finland,FIN,2003,0
Finland,FIN,2004,0
Finland,FIN,2005,0
Finland,FIN,2006,0
Finland,FIN,2007,1.539988776
Finland,FIN,2008,3.526164828
Finland,FIN,2009,9.678248748
Finland,FIN,2010,12.585562668
Finland,FIN,2011,8.684804844
Finland,FIN,2012,11.027528784000001
Finland,FIN,2013,13.821799104
Finland,FIN,2014,15.366058416
Finland,FIN,2015,18.093800484000003
Finland,FIN,2016,4.578307668
Finland,FIN,2017,12.971501892000001
Finland,FIN,2018,11.774621375999999
Finland,FIN,2019,12.3457783830448
France,FRA,1990,0
France,FRA,1991,0
France,FRA,1992,0.094496076
France,FRA,1993,1.05256152
France,FRA,1994,3.417936048
France,FRA,1995,6.7009734
France,FRA,1996,9.642786552
France,FRA,1997,11.543761224
France,FRA,1998,10.791602604000001
France,FRA,1999,11.344511412000001
France,FRA,2000,13.593116088
France,FRA,2001,13.56083586
France,FRA,2002,14.525181504
France,FRA,2003,15.948316692
France,FRA,2004,16.7178924
France,FRA,2005,27.00611604
France,FRA,2006,28.318007952
France,FRA,2007,47.20981251600001
France,FRA,2008,87.04415815200001
France,FRA,2009,97.400584764
France,FRA,2010,94.94954830799999
France,FRA,2011,94.45219833600001
France,FRA,2012,109.13044924799999
France,FRA,2013,106.18172787600001
France,FRA,2014,114.78195936
France,FRA,2015,117.716236272
France,FRA,2016,110.36656008
France,FRA,2017,116.838431784
France,FRA,2018,130.090030596
France,FRA,2019,113.010523645636
Germany,DEU,1990,0
Germany,DEU,1991,0
Germany,DEU,1992,0.186019524
Germany,DEU,1993,0.186019524
Germany,DEU,1994,1.041592104
Germany,DEU,1995,1.302011064
Germany,DEU,1996,2.046005424
Germany,DEU,1997,3.3480164880000003
Germany,DEU,1998,3.720013668
Germany,DEU,1999,4.836005208
Germany,DEU,2000,9.300013236
Germany,DEU,2001,13.019985036
Germany,DEU,2002,20.460012372
Germany,DEU,2003,24.886464804000003
Germany,DEU,2004,38.11283963212121
Germany,DEU,2005,58.234912956
Germany,DEU,2006,95.76781650000001
Germany,DEU,2007,118.88372545200001
Germany,DEU,2008,105.80650686
Germany,DEU,2009,105.87554719200001
Germany,DEU,2010,131.213725848
Germany,DEU,2011,128.92915656
Germany,DEU,2012,120.816854748
Germany,DEU,2013,128.67836724
Germany,DEU,2014,144.87277419999998
Germany,DEU,2015,133.6119222
Germany,DEU,2016,135.1350719
Germany,DEU,2017,137.89126000000002
Germany,DEU,2018,142.56907267195498
Germany,DEU,2019,143.416096653133
India,IND,1990,0
India,IND,1991,0
India,IND,1992,0
India,IND,1993,0
India,IND,1994,0
India,IND,1995,0
India,IND,1996,0
India,IND,1997,0
India,IND,1998,0
India,IND,1999,0
India,IND,2000,3.79262878787879
India,IND,2001,3.9126893939393903
India,IND,2002,4.17353535353535
India,IND,2003,4.30395833333333
India,IND,2004,0.8428108146352041
India,IND,2005,3.4603063203290803
India,IND,2006,3.09987028097857
India,IND,2007,4.19074235967959
India,IND,2008,6.45467570244643
India,IND,2009,4.82864323913752
India,IND,2010,7.86984562264369
India,IND,2011,11.5267607345209
India,IND,2012,10.9911623845449
India,IND,2013,10.4132782717332
India,IND,2014,11.3636911027934
India,IND,2015,22.6012696714519
India,IND,2016,27.619649367817896
India,IND,2017,25.2030361635003
India,IND,2018,42.780004093911295
India,IND,2019,53.451630446907394
Indonesia,IDN,1990,0
Indonesia,IDN,1991,0
Indonesia,IDN,1992,0
Indonesia,IDN,1993,0
Indonesia,IDN,1994,0
Indonesia,IDN,1995,0
Indonesia,IDN,1996,0
Indonesia,IDN,1997,0
Indonesia,IDN,1998,0
Indonesia,IDN,1999,0
Indonesia,IDN,2000,0
Indonesia,IDN,2001,0
Indonesia,IDN,2002,0
Indonesia,IDN,2003,0
Indonesia,IDN,2004,0
Indonesia,IDN,2005,0.37
Indonesia,IDN,2006,1.85
Indonesia,IDN,2007,9.09179552
Indonesia,IDN,2008,18.52679552
Indonesia,IDN,2009,6.29917473744987
Indonesia,IDN,2010,8.0662492496058
Indonesia,IDN,2011,59.712979534291
Indonesia,IDN,2012,73.1535464443941
Indonesia,IDN,2013,92.3770585452585
Indonesia,IDN,2014,130.788678354593
Indonesia,IDN,2015,54.43423095288011
Indonesia,IDN,2016,120.34445246705499
Indonesia,IDN,2017,112.444379000946
Indonesia,IDN,2018,203.031888078992
Indonesia,IDN,2019,275.515062130538
Italy,ITA,1990,0
Italy,ITA,1991,0
Italy,ITA,1992,0
Italy,ITA,1993,0
Italy,ITA,1994,0
Italy,ITA,1995,0
Italy,ITA,1996,0
Italy,ITA,1997,0
Italy,ITA,1998,0
Italy,ITA,1999,0
Italy,ITA,2000,0
Italy,ITA,2001,0
Italy,ITA,2002,0
Italy,ITA,2003,0
Italy,ITA,2004,10.582011396
Italy,ITA,2005,7.400001528
Italy,ITA,2006,8.251010496000001
Italy,ITA,2007,7.473982284
Italy,ITA,2008,26.205432408000004
Italy,ITA,2009,31.26890646
Italy,ITA,2010,32.56723314
Italy,ITA,2011,24.5534886
Italy,ITA,2012,13.038239484000002
Italy,ITA,2013,19.124716248
Italy,ITA,2014,21.467691396
Italy,ITA,2015,21.71358216
Italy,ITA,2016,21.938371452
Italy,ITA,2017,26.321909184000003
Italy,ITA,2018,28.395840564
Italy,ITA,2019,31.848271964605196
Mexico,MEX,1990,0
Mexico,MEX,1991,0
Mexico,MEX,1992,0
Mexico,MEX,1993,0
Mexico,MEX,1994,0
Mexico,MEX,1995,0
Mexico,MEX,1996,0
Mexico,MEX,1997,0
Mexico,MEX,1998,0
Mexico,MEX,1999,0
Mexico,MEX,2000,0
Mexico,MEX,2001,0
Mexico,MEX,2002,0
Mexico,MEX,2003,0
Mexico,MEX,2004,0
Mexico,MEX,2005,0
Mexico,MEX,2006,0
Mexico,MEX,2007,0
Mexico,MEX,2008,0
Mexico,MEX,2009,0
Mexico,MEX,2010,0.22475009570707102
Mexico,MEX,2011,0.337123839330808
Mexico,MEX,2012,0.378599229874845
Mexico,MEX,2013,0.29874246281288797
Mexico,MEX,2014,0.317844301568193
Mexico,MEX,2015,0.19697044668056102
Mexico,MEX,2016,0.518332573694012
Mexico,MEX,2017,0.516313810309602
Mexico,MEX,2018,0.516313810309602
Mexico,MEX,2019,0.516313810309602
Middle East,,1990,0
Middle East,,1991,0
Middle East,,1992,0
Middle East,,1993,0
Middle East,,1994,0
Middle East,,1995,0
Middle East,,1996,0
Middle East,,1997,0
Middle East,,1998,0
Middle East,,1999,0
Middle East,,2000,0
Middle East,,2001,0
Middle East,,2002,0.338402258541106
Middle East,,2003,0.37661248184305296
Middle East,,2004,0.30959400319083696
Middle East,,2005,0
Middle East,,2006,0
Middle East,,2007,0
Middle East,,2008,0
Middle East,,2009,0.516880615467172
Middle East,,2010,0.49440743181818203
Middle East,,2011,0.5393537991161621
Middle East,,2012,0.585900988787879
Middle East,,2013,0.6292465337121209
Middle East,,2014,0.6741929010101011
Middle East,,2015,0.719137964078283
Middle East,,2016,0.676040004848485
Middle East,,2017,0.6741929010101011
Middle East,,2018,0.6741929010101011
Middle East,,2019,0.6741929010101011
Netherlands,NLD,1990,0
Netherlands,NLD,1991,0
Netherlands,NLD,1992,0
Netherlands,NLD,1993,0
Netherlands,NLD,1994,0
Netherlands,NLD,1995,0
Netherlands,NLD,1996,0
Netherlands,NLD,1997,0
Netherlands,NLD,1998,0
Netherlands,NLD,1999,0
Netherlands,NLD,2000,0
Netherlands,NLD,2001,0
Netherlands,NLD,2002,0
Netherlands,NLD,2003,0
Netherlands,NLD,2004,0.261560606060606
Netherlands,NLD,2005,0.13042297979798
Netherlands,NLD,2006,0.9773
Netherlands,NLD,2007,3.428
Netherlands,NLD,2008,3.2691
Netherlands,NLD,2009,10.138
Netherlands,NLD,2010,16.3590205506369
Netherlands,NLD,2011,28.2357798655086
Netherlands,NLD,2012,53.4379802250531
Netherlands,NLD,2013,62.5912
Netherlands,NLD,2014,75.2444041984733
Netherlands,NLD,2015,81.15686072674491
Netherlands,NLD,2016,63.9991080152672
Netherlands,NLD,2017,83.2680732824428
Netherlands,NLD,2018,80.6312072519084
Netherlands,NLD,2019,79.2082163404225
North America,,1990,63.6093918813131
North America,,1991,73.7061208080808
North America,,1992,83.8028497348485
North America,,1993,98.2067171717172
North America,,1994,109.658926767677
North America,,1995,115.50473484848499
North America,,1996,82.8203787878788
North America,,1997,109.60532828282801
North America,,1998,119.53534090909099
North America,,1999,126.855107323232
North America,,2000,142.862116161616
North America,,2001,156.330975763934
North America,,2002,188.600901105182
North America,,2003,245.579356414856
North America,,2004,298.54195011724
North America,,2005,349.77725654958397
North America,,2006,453.969886199049
North America,,2007,636.857432114283
North America,,2008,899.180473372423
North America,,2009,1026.68910258983
North America,,2010,1210.5788924426402
North America,,2011,1348.0670502635498
North America,,2012,1292.30893543624
North America,,2013,1343.0198027302001
North America,,2014,1424.22926009133
North America,,2015,1466.1316049232198
North America,,2016,1559.53426414847
North America,,2017,1612.07129064695
North America,,2018,1656.81716911883
North America,,2019,1621.4991590464
Other Asia & Pacific,,1990,0
Other Asia & Pacific,,1991,0
Other Asia & Pacific,,1992,0
Other Asia & Pacific,,1993,0
Other Asia & Pacific,,1994,0
Other Asia & Pacific,,1995,0
Other Asia & Pacific,,1996,0
Other Asia & Pacific,,1997,0
Other Asia & Pacific,,1998,0
Other Asia & Pacific,,1999,0
Other Asia & Pacific,,2000,0
Other Asia & Pacific,,2001,0
Other Asia & Pacific,,2002,0
Other Asia & Pacific,,2003,0.00041868
Other Asia & Pacific,,2004,0.0041868
Other Asia & Pacific,,2005,0.0411868
Other Asia & Pacific,,2006,5.193368040977309
Other Asia & Pacific,,2007,9.58021760347022
Other Asia & Pacific,,2008,16.3504937719237
Other Asia & Pacific,,2009,18.7425179271382
Other Asia & Pacific,,2010,17.2559250376411
Other Asia & Pacific,,2011,36.0412754242885
Other Asia & Pacific,,2012,48.4465953902352
Other Asia & Pacific,,2013,62.704402911894
Other Asia & Pacific,,2014,76.78497884613058
Other Asia & Pacific,,2015,81.0425245932036
Other Asia & Pacific,,2016,76.30136093069021
Other Asia & Pacific,,2017,73.5835789556156
Other Asia & Pacific,,2018,78.1936340908651
Other Asia & Pacific,,2019,95.0731183293627
Other S. & Cent. America,,1990,3.03195020873277
Other S. & Cent. America,,1991,2.97120683839114
Other S. & Cent. America,,1992,2.80476429681036
Other S. & Cent. America,,1993,2.22609289690465
Other S. & Cent. America,,1994,2.06063168162536
Other S. & Cent. America,,1995,1.86323781881287
Other S. & Cent. America,,1996,1.7484721207224398
Other S. & Cent. America,,1997,1.59434231297095
Other S. & Cent. America,,1998,1.3130198127377901
Other S. & Cent. America,,1999,1.4849627016132
Other S. & Cent. America,,2000,1.4425958848785
Other S. & Cent. America,,2001,1.3797607668999199
Other S. & Cent. America,,2002,5.257156064528
Other S. & Cent. America,,2003,6.71396479933998
Other S. & Cent. America,,2004,6.597845266653401
Other S. & Cent. America,,2005,6.097779869430269
Other S. & Cent. America,,2006,12.621068173829501
Other S. & Cent. America,,2007,15.4810179530308
Other S. & Cent. America,,2008,20.5491096953373
Other S. & Cent. America,,2009,7.994670705785261
Other S. & Cent. America,,2010,8.26088727144234
Other S. & Cent. America,,2011,11.460720799654801
Other S. & Cent. America,,2012,11.444760905295999
Other S. & Cent. America,,2013,14.873824612351001
Other S. & Cent. America,,2014,16.7573662384706
Other S. & Cent. America,,2015,17.9921632337947
Other S. & Cent. America,,2016,22.815793840736198
Other S. & Cent. America,,2017,22.5928284484843
Other S. & Cent. America,,2018,25.307478323843004
Other S. & Cent. America,,2019,27.1267397500283
Poland,POL,1990,0
Poland,POL,1991,0
Poland,POL,1992,0
Poland,POL,1993,0
Poland,POL,1994,0
Poland,POL,1995,0
Poland,POL,1996,0
Poland,POL,1997,0
Poland,POL,1998,0
Poland,POL,1999,0
Poland,POL,2000,0
Poland,POL,2001,0
Poland,POL,2002,0
Poland,POL,2003,1.3042297979798
Poland,POL,2004,0.261560606060606
Poland,POL,2005,4.90068024659609
Poland,POL,2006,6.42882734702042
Poland,POL,2007,4.3276250839369705
Poland,POL,2008,12.1433954
Poland,POL,2009,17.1026192
Poland,POL,2010,18.3768857
Poland,POL,2011,17.329376899999996
Poland,POL,2012,27.279217
Poland,POL,2013,29.1636307
Poland,POL,2014,31.3806161
Poland,POL,2015,34.0432
Poland,POL,2016,38.7445
Poland,POL,2017,38.5900537
Poland,POL,2018,38.0797222
Poland,POL,2019,40.15802826
Portugal,PRT,1990,0
Portugal,PRT,1991,0
Portugal,PRT,1992,0
Portugal,PRT,1993,0
Portugal,PRT,1994,0
Portugal,PRT,1995,0
Portugal,PRT,1996,0
Portugal,PRT,1997,0
Portugal,PRT,1998,0
Portugal,PRT,1999,0
Portugal,PRT,2000,0
Portugal,PRT,2001,0
Portugal,PRT,2002,0
Portugal,PRT,2003,0
Portugal,PRT,2004,0
Portugal,PRT,2005,0.0382036775106082
Portugal,PRT,2006,2.94380544495658
Portugal,PRT,2007,6.7889799360000005
Portugal,PRT,2008,6.238457604
Portugal,PRT,2009,9.451449792
Portugal,PRT,2010,11.89009332
Portugal,PRT,2011,13.827869964000001
Portugal,PRT,2012,11.539113875999998
Portugal,PRT,2013,11.48878854
Portugal,PRT,2014,12.611311488
Portugal,PRT,2015,13.426146504
Portugal,PRT,2016,12.467578644000001
Portugal,PRT,2017,13.235772707999999
Portugal,PRT,2018,13.693724892
Portugal,PRT,2019,16.4572984568808
South & Central America,,1990,261.89848255455297
South & Central America,,1991,292.044078780738
South & Central America,,1992,267.24508549675204
South & Central America,,1993,258.32820577072204
South & Central America,,1994,283.2897443091
South & Central America,,1995,288.306540019497
South & Central America,,1996,319.409486895495
South & Central America,,1997,349.82129596517996
South & Central America,,1998,318.68186017177004
South & Central America,,1999,293.23235429573504
South & Central America,,2000,242.11615671972402
South & Central America,,2001,259.45963222486597
South & Central America,,2002,288.531452141322
South & Central America,,2003,332.315343734867
South & Central America,,2004,336.19407039189497
South & Central America,,2005,367.651897878865
South & Central America,,2006,420.322258833231
South & Central America,,2007,548.315346473409
South & Central America,,2008,700.1347862032891
South & Central America,,2009,702.9030925833231
South & Central America,,2010,804.5591646075079
South & Central America,,2011,730.5821644159489
South & Central America,,2012,749.2679493761481
South & Central America,,2013,843.4072958077741
South & Central America,,2014,907.7565530021809
South & Central America,,2015,939.679449202858
South & Central America,,2016,928.440248557908
South & Central America,,2017,941.476917994599
South & Central America,,2018,1092.48437783664
South & Central America,,2019,1151.4596589792
South Korea,KOR,1990,0
South Korea,KOR,1991,0
South Korea,KOR,1992,0
South Korea,KOR,1993,0
South Korea,KOR,1994,0
South Korea,KOR,1995,0
South Korea,KOR,1996,0
South Korea,KOR,1997,0
South Korea,KOR,1998,0
South Korea,KOR,1999,0
South Korea,KOR,2000,0
South Korea,KOR,2001,0
South Korea,KOR,2002,0.0382036775106082
South Korea,KOR,2003,0.0607318147707101
South Korea,KOR,2004,0.19421013937517
South Korea,KOR,2005,0.479468625447243
South Korea,KOR,2006,1.9086906663846201
South Korea,KOR,2007,3.47948860722922
South Korea,KOR,2008,6.461239669120821
South Korea,KOR,2009,9.24545597738693
South Korea,KOR,2010,12.9784711089327
South Korea,KOR,2011,10.445542970834401
South Korea,KOR,2012,15.0682932
South Korea,KOR,2013,15.4534788
South Korea,KOR,2014,16.2322236
South Korea,KOR,2015,18.4763484
South Korea,KOR,2016,18.5433372
South Korea,KOR,2017,17.9236908
South Korea,KOR,2018,18.8198753965908
South Korea,KOR,2019,18.2166335616606
Spain,ESP,1990,0
Spain,ESP,1991,0
Spain,ESP,1992,0
Spain,ESP,1993,0
Spain,ESP,1994,0
Spain,ESP,1995,0
Spain,ESP,1996,0
Spain,ESP,1997,0
Spain,ESP,1998,0
Spain,ESP,1999,0
Spain,ESP,2000,3.0646676096181
Spain,ESP,2001,3.0562942008486598
Spain,ESP,2002,5.47373540925521
Spain,ESP,2003,7.73305714500021
Spain,ESP,2004,9.445130084437011
Spain,ESP,2005,12.6337373915963
Spain,ESP,2006,11.4218292364951
Spain,ESP,2007,15.815252150215
Spain,ESP,2008,16.0831123826668
Spain,ESP,2009,38.25568274398871
Spain,ESP,2010,42.7906056577086
Spain,ESP,2011,35.6288
Spain,ESP,2012,25.9453
Spain,ESP,2013,31.365
Spain,ESP,2014,43.118
Spain,ESP,2015,46.964
Spain,ESP,2016,50.255711299999994
Spain,ESP,2017,64.4992924
Spain,ESP,2018,77.05616459999999
Spain,ESP,2019,66.7375
Sweden,SWE,1990,0
Sweden,SWE,1991,0
Sweden,SWE,1992,0
Sweden,SWE,1993,0
Sweden,SWE,1994,0
Sweden,SWE,1995,0
Sweden,SWE,1996,0
Sweden,SWE,1997,0
Sweden,SWE,1998,0
Sweden,SWE,1999,0
Sweden,SWE,2000,0
Sweden,SWE,2001,0.61064478
Sweden,SWE,2002,1.367283276
Sweden,SWE,2003,3.7862488439999997
Sweden,SWE,2004,7.131627647999999
Sweden,SWE,2005,1.506033828
Sweden,SWE,2006,1.712317464
Sweden,SWE,2007,2.053248588
Sweden,SWE,2008,5.5463795639999995
Sweden,SWE,2009,7.655438196
Sweden,SWE,2010,8.681287932
Sweden,SWE,2011,8.038614132000001
Sweden,SWE,2012,9.538116552
Sweden,SWE,2013,9.527021532000001
Sweden,SWE,2014,9.533929752
Sweden,SWE,2015,9.159922907999999
Sweden,SWE,2016,8.663996447999999
Sweden,SWE,2017,7.530336612
Sweden,SWE,2018,7.8779686052171805
Sweden,SWE,2019,9.95218554059294
Thailand,THA,1990,0
Thailand,THA,1991,0
Thailand,THA,1992,0
Thailand,THA,1993,0
Thailand,THA,1994,0
Thailand,THA,1995,0
Thailand,THA,1996,0
Thailand,THA,1997,0
Thailand,THA,1998,0
Thailand,THA,1999,0
Thailand,THA,2000,0
Thailand,THA,2001,0
Thailand,THA,2002,0
Thailand,THA,2003,0
Thailand,THA,2004,0.130780303030303
Thailand,THA,2005,2.3291493077879197
Thailand,THA,2006,3.6333791057677205
Thailand,THA,2007,6.204910044575889
Thailand,THA,2008,22.1266798901428
Thailand,THA,2009,27.2541144913154
Thailand,THA,2010,34.917912
Thailand,THA,2011,38.476692
Thailand,THA,2012,52.711812
Thailand,THA,2013,67.365612
Thailand,THA,2014,75.320532
Thailand,THA,2015,81.265788
Thailand,THA,2016,70.421976
Thailand,THA,2017,82.73116800000001
Thailand,THA,2018,88.467084
Thailand,THA,2019,95.6096386135841
United Kingdom,GBR,1990,0
United Kingdom,GBR,1991,0
United Kingdom,GBR,1992,0
United Kingdom,GBR,1993,0
United Kingdom,GBR,1994,0
United Kingdom,GBR,1995,0
United Kingdom,GBR,1996,0
United Kingdom,GBR,1997,0
United Kingdom,GBR,1998,0
United Kingdom,GBR,1999,0
United Kingdom,GBR,2000,0
United Kingdom,GBR,2001,0
United Kingdom,GBR,2002,0.114611032531825
United Kingdom,GBR,2003,0.382036775106082
United Kingdom,GBR,2004,0.38308345120226295
United Kingdom,GBR,2005,0.33025478399999997
United Kingdom,GBR,2006,9.544815432
United Kingdom,GBR,2007,16.275180168
United Kingdom,GBR,2008,11.963655395999998
United Kingdom,GBR,2009,9.000070884
United Kingdom,GBR,2010,11.767043268
United Kingdom,GBR,2011,7.281012672
United Kingdom,GBR,2012,12.53779128
United Kingdom,GBR,2013,21.095359272
United Kingdom,GBR,2014,16.30612062
United Kingdom,GBR,2015,12.61566576
United Kingdom,GBR,2016,22.712427035999998
United Kingdom,GBR,2017,31.081212215999997
United Kingdom,GBR,2018,28.687032504
United Kingdom,GBR,2019,24.420857193618
United States,USA,1990,63.6093918813131
United States,USA,1991,73.7061208080808
United States,USA,1992,83.8028497348485
United States,USA,1993,98.2067171717172
United States,USA,1994,109.658926767677
United States,USA,1995,115.50473484848499
United States,USA,1996,82.8203787878788
United States,USA,1997,109.60532828282801
United States,USA,1998,119.53534090909099
United States,USA,1999,124.63791666666701
United States,USA,2000,138.023244949495
United States,USA,2001,151.244479551812
United States,USA,2002,183.38398191326303
United States,USA,2003,240.36243722293702
United States,USA,2004,293.12573799602796
United States,USA,2005,343.48364543847197
United States,USA,2006,446.751275087937
United States,USA,2007,615.825060902162
United States,USA,2008,876.455427917878
United States,USA,2009,994.826609128199
United States,USA,2010,1174.14083228966
United States,USA,2011,1305.60050282743
United States,USA,2012,1247.9930740074
United States,USA,2013,1300.2970823160902
United States,USA,2014,1377.0558959417401
United States,USA,2015,1417.17220113654
United States,USA,2016,1506.65420968454
United States,USA,2017,1554.64157134642
United States,USA,2018,1600.4316515901598
United States,USA,2019,1557.06339862915
World,OWID_WRL,1990,326.032488795463
World,OWID_WRL,1991,366.299934748414
World,OWID_WRL,1992,352.03819503766096
World,OWID_WRL,1993,358.605801546035
World,OWID_WRL,1994,398.252279588373
World,OWID_WRL,1995,412.98062689157797
World,OWID_WRL,1996,415.41620786543405
World,OWID_WRL,1997,476.34445781601
World,OWID_WRL,1998,454.350285734953
World,OWID_WRL,1999,438.366724227012
World,OWID_WRL,2000,418.30289958661797
World,OWID_WRL,2001,456.293556544225
World,OWID_WRL,2002,538.105027710178
World,OWID_WRL,2003,666.041573245892
World,OWID_WRL,2004,753.7728034706109
World,OWID_WRL,2005,884.5297227191901
World,OWID_WRL,2006,1125.2964928778802
World,OWID_WRL,2007,1527.38800025745
World,OWID_WRL,2008,2067.2213180151
World,OWID_WRL,2009,2288.70359234235
World,OWID_WRL,2010,2642.06393624772
World,OWID_WRL,2011,2791.7877245240898
World,OWID_WRL,2012,2839.0174739631398
World,OWID_WRL,2013,3083.76128768483
World,OWID_WRL,2014,3360.48799923337
World,OWID_WRL,2015,3374.35510186659
World,OWID_WRL,2016,3493.32305493665
World,OWID_WRL,2017,3643.8141931986997
World,OWID_WRL,2018,3992.2662165356
World,OWID_WRL,2019,4113.09094473915